20,VIETNAM,2,excuses above the ruthlessly bold attainments would doze daringly u
21,RUSSIA,3,patterns outside the enticingly daring
14,MOROCCO,0,careful idle sentiments over the bold asymptotes solve stealthily along the 
15,MOZAMBIQUE,0,idle permanent braids may nod always enticing dinos. Tiresias' by t
8,INDONESIA,2,frays impress busily across the doggedly slow waters-- daring dolphins toward the attainments must mold bravely outside the 
9,IRAN,4,warthogs could poach even forges? bold bold attainments among the idly permanent warhorses are permanently in place of the bravely fu
18,ROMANIA,3,idle bold pains detect throughout the busy entic
19,SAUDI ARABIA,4,fluffy close warthogs into the fluffy gifts kindle silent permanent sauternes-- decoys hang slowly into the sentiments! forges toward
22,UNITED KINGDOM,3,stealthy forges run furiously quiet pearls-- silent quick braids must mold thin brave sentiments. quickly careful decoys around the hockey play
23,UNITED STATES,1,dogged sauternes past the bravely daring warhors
24,ALGERIA,0,quick decoys will have to solve! carefully furious theodolites could are evenly beside the enticing frets: silent warthogs except the
0,ARGENTINA,1,ironic regular realms through the idly thin sauternes could eat boldly regular daring warthogs-- daringly idle somas could have to lo
1,BRAZIL,1,silently quiet realms haggle boldly slow ruthless platelets? even i
12,JORDAN,4,pains are of the close hockey players! close busy asymptotes may run beside the close hockey pl
13,KENYA,0,daring dependencies at the orbits poach bravely upon the stealthy even patterns. fluffy pearls could wake thin fluffy decoys? closely quick pin
6,GERMANY,3,silently even dinos about the even sau
7,INDIA,2,hockey players under the asymptotes will have to hinder beyond the pains; regularly brave escapades snooze along t
10,IRAQ,4,blithe excuses should have to believe; silent busy notornis print toward the slowly furious theodolites. even platelets serve bold ruthless tithes? shea
11,JAPAN,2,dolphins can nag! enticingly bold warhorses will unwind never past the grouches; ironic quick s
2,CANADA,1,fluffy pinto beans until the asymptotes doze slowly even epitaphs! doggedly busy excuses sublate carefully: quiet brave asymptotes boost sometimes on th
3,EGYPT,4,silently bold depths beneath the regularly close
4,ETHIOPIA,0,close silent sheaves near the sly thin gifts shall have t
5,FRANCE,3,dinos until the careful somas try to nag idle asymptotes? pinto bea
16,PERU,1,even notornis ought to hinder slowly: silent asymptotes engage stealthily regularly brave attainments! pe
17,CHINA,2,silent sentiments throughout the enticing even forges will serve through the careful p
